ID,Year,Make,Display Name,Short Name,Media Name
247,1969,Toyota,2000GT,Toyota 2000GT,TOY_2000GT_69
249,1962,Ferrari,250 GTO,Ferrari 250 GTO,FER_250GTO_64
251,1954,Mercedes-Benz,300 SL Coupé,M-B 300SL,MER_300SL_54
253,1994,Ferrari,F355 Berlinetta,Ferrari F355,FER_355Berlinetta_94
257,2002,Ferrari,575M Maranello,Ferrari 575M,FER_575_02
260,1973,Porsche,911 Carrera RS,911 Carrera '73,POR_CarreraRS_73
261,1995,Porsche,911 GT2,911 GT2 '95,POR_911GT2_95
262,2004,Porsche,911 GT3,911 GT3 '04,POR_996GT3_04
265,1982,Porsche,911 Turbo 3.3,911 Turbo '82,POR_911Turbo_82
266,1970,Porsche,914/6,Porsche 914/6,POR_914_70
268,1989,Porsche,944 Turbo,Porsche 944,POR_944Turbo_89
269,1987,Porsche,959,Porsche 959,POR_959_87
289,1969,Chevrolet,Camaro Super Sport Coupe,Chevy Camaro '69,CHE_CamaroSS_69
291,1990,Vauxhall,Lotus Carlton,Vaux Carlton,LOT_Carlton_89
292,2003,Porsche,Carrera GT,Porsche Carrera,POR_CarreraGT_03
294,2002,Koenigsegg,CC8S,Koenigsegg CC8S,KOE_CC8_02
295,2003,Toyota,Celica SS-I,Toyota Celica'03,TOY_CelicaSSI_03
296,1998,TVR,Cerbera Speed 12,TVR Speed 12,TVR_Cerbera_98
297,2003,Ferrari,360 Challenge Stradale,Ferrari 360 CS,FER_360Challenge_03
299,1970,Chevrolet,Chevelle Super Sport 454,Chevelle '70,CHE_Chevelle_70
302,2004,Honda,Civic Type R,Honda Civic '04,HON_CivicR_04
306,1965,Shelby,Cobra 427 S/C,Shelby Cobra 427,SHE_Cobra427_65
309,1995,Volkswagen,Corrado VR6,VW Corrado,VW_Corrado_95
312,1967,Chevrolet,Corvette Stingray 427,Corvette '67,CHE_CorvetteStingray_67
314,2002,Chevrolet,Corvette Z06,Corvette '02,CHE_CorvetteZ06_02
315,1970,Chevrolet,Corvette ZR-1,Corvette '70,CHE_CorvetteZR1_70
316,1988,Lamborghini,Countach LP5000 QV,Lambo Countach,LAM_Countach_88
320,1991,Honda,CR-X SiR,Honda CR-X,HON_CRXsi_91
324,1999,Lamborghini,Diablo GTR,Diablo GTR,LAM_DiabloGTR_99
325,1997,Lamborghini,Diablo SV,Lambo Diablo SV,LAM_DiabloSV_97
326,1969,Ferrari,Dino 246 GT,Ferrari Dino,FER_Dino246_69
327,1995,Mitsubishi,Eclipse GSX,Eclipse GSX,MIT_EclipseGSX_95
330,1971,Lotus,Elan Sprint,Lotus Elan,LOT_ElanSprint_72
333,2002,Ferrari,Enzo Ferrari,Ferrari Enzo,FER_Enzo_02
336,1961,Jaguar,E-type,Jaguar E-type,JAG_Etype_61
338,1997,McLaren,F1 GT,McLaren F1 GT,MCL_F1GT_97
340,1987,Ferrari,F40,Ferrari F40,FER_F40_87
342,1995,Ferrari,F50,Ferrari F50,FER_F50_95
343,1969,Nissan,Fairlady Z 432,Fairlady Z '69,NIS_Fairlady432Z_69
344,2003,Nissan,Fairlady Z,Fairlady Z '03,NIS_FairladyZ_03
345,1994,Nissan,Fairlady Z Version S Twin Turbo,Fairlady Z '94,NIS_FairladyZvSTwinTurbo_94
348,2005,Ford,GT,Ford GT '05,FOR_GT_05
353,1992,Volkswagen,Golf Gti 16v Mk2,VW Golf '92,VW_GolfGTi16vMk2_92
354,2003,Volkswagen,Golf R32,VW Golf '03,VW_GolfR32_03
357,1997,Mitsubishi,GTO,Mitsubishi GTO,MIT_GTO_97
358,1984,Ferrari,288 GTO,Ferrari 288 GTO,FER_GTO_84
363,1998,SUBARU,Impreza 22B-STi Version,SUBARU 22B,SUB_Impreza22b_98
364,2004,SUBARU,IMPREZA WRX STi,SUBARU WRX '04,SUB_WRXSTi_04
365,2005,SUBARU,IMPREZA WRX STI,SUBARU WRX '05,SUB_WRXSTi_05
368,2001,Acura,Integra Type R,Acura Integra,ACU_IntegraR_01
374,2006,Mitsubishi,Lancer Evolution IX MR,Lancer MR '06,MIT_LancerEvoIXMR_06
375,1999,Mitsubishi,Lancer Evolution VI GSR,Lancer GSR '99,MIT_LancerEvoVIGSR_99
378,2004,Mitsubishi,Lancer Evolution VIII MR,Lancer MR '04,MIT_LancerEvoVIIIMR_04
382,1997,BMW,M3,BMW M3 '97,BMW_E36M3_97
383,2005,BMW,M3,BMW M3 '05,BMW_E46M3_05
397,2005,Vauxhall,Monaro VXR,Vauxhall Monaro,VAU_MonaroVXR_05
405,2000,Ford,SVT Cobra R,Ford Mustang '00,FOR_MustangCobraR_00
411,2005,Honda,NSX-R,Honda NSX-R '05,HON_NSXR_05
412,1992,Honda,NSX-R,Honda NSX-R '92,HON_NSXR_92
417,1987,Buick,Regal GNX,Buick Regal GNX,BUI_RegalGNX_87
419,2006,Audi,RS 4,Audi RS 4 '06,AUD_RS4_06
420,2003,Audi,RS 6,Audi RS 6 '03,AUD_RS6_03
422,2002,Acura,RSX Type S,Acura RSX,ACU_RSXTypeS_02
423,1990,Mazda,Savanna RX-7,Mazda RX-7 '90,MAZ_RX7_90
424,1997,Mazda,RX-7,Mazda RX-7 '97,MAZ_RX7_97
425,2002,Mazda,RX-7 Spirit R Type-A,RX-7 Spirit R,MAZ_RX7SpiritR_02
427,2003,Honda,S2000,Honda S2000,HON_S2000_03
432,2004,Saleen,S7,Saleen S7,SAL_S7_04
433,2005,TVR,Sagaris,TVR Sagaris,TVR_Sagaris_05
439,1992,Nissan,Silvia CLUB K's,Silvia '92,NIS_SilviaK_92
440,1994,Nissan,Silvia K's,Silvia '94,NIS_SilviaKs_94
441,2000,Nissan,Silvia Spec-R,Silvia '00,NIS_SilviaSpecR_00
444,1993,Nissan,Skyline GT-R V-Spec,Nissan GT-R '93,NIS_SkylineGTR_93
445,2002,Nissan,Skyline GT-R V-Spec II,Nissan GT-R '02,NIS_SkylineGTRVSpecII_02
455,1985,Toyota,Sprinter Trueno GT Apex,Toyota Trueno,TOY_Sprinter_85
460,1992,Toyota,Supra 2.0 GT,Toyota Supra '92,TOY_Supra20GT_92
461,1998,Toyota,Supra RZ,Toyota Supra '98,TOY_SupraRZ_98
483,1999,Dodge,Viper GTS ACR,Dodge Viper '99,DOD_ViperGTSACR_99
489,1993,Jaguar,XJ220,Jaguar XJ220,JAG_XJ220_93
513,1969,Dodge,Charger R/T,Dodge Charger '69,DOD_ChargerRT_69
565,2002,BMW,M3-GTR,BMW M3-GTR,BMW_M3GTR_05
567,1998,Nissan,R390 (GT1),Nissan R390,NIS_R390_98
568,1998,Mercedes-Benz,AMG CLK GTR,M-B CLK-GTR,MER_CLKGTR_98
569,2005,Honda,NSX-R GT,Honda NSX-R GT,HON_NSXRGT_05
615,2007,Peugeot,207 Super 2000,Peugeot 207 S,PEU_207Super2000_07
625,2007,Honda,Civic Type R,Honda Civic '07,HON_CivicTypeR_07
633,1983,Audi,Sport quattro,Audi quattro,AUD_SportQuattro_83
634,1980,Renault,5 Turbo,Renault 5 Turbo,REN_5Turbo_80
637,1967,Lamborghini,Miura P400,Lambo Miura,LAM_MiuraP400_67
639,1970,Dodge,Challenger R/T,Challenger '70,DOD_ChallengerHemi_70
641,1998,Porsche,911 GT1 Strassenversion,Porsche 911 GT1,POR_996GT1_98
642,1991,BMW,M3,BMW M3 '91,BMW_M3E30_91
1006,2005,Ferrari,FXX,Ferrari FXX,FER_FXX_05
1007,2008,Koenigsegg,CCGT,Koenigsegg CCGT,KOE_CCGT_08
1009,2008,Mitsubishi,Lancer Evolution X GSR,Lancer GSR '08,MIT_LancerEvoXGSR_08
1011,2008,BMW,M3,BMW M3 '08,BMW_M3E92_08
1020,1996,Ferrari,F50 GT,Ferrari F50 GT,FER_F50GT_96
1022,2007,Ferrari,430 Scuderia,Ferrari 430 S,FER_F430Scuderia_07
1023,1989,Ferrari,F40 Competizione,Ferrari F40 C,FER_F40Competizione_89
1034,1994,Toyota,Celica GT-Four ST205,Toyota Celica'94,TOY_CelicaST205_94
1040,1981,BMW,M1,BMW M1,BMW_M1_81
1041,1993,Ford,SVT Cobra R,Ford Mustang '93,FOR_MustangSVTCobraR_93
1042,1971,Nissan,Skyline 2000GT-R,Nissan GT-R '71,NIS_Skyline2000GTR_71
1043,1997,Nissan,Skyline GT-R V-Spec,Nissan GT-R '97,NIS_SkylineGTRVSpec_95
1045,1987,Pontiac,Firebird Trans Am GTA,Pontiac T/A '87,PON_TransAmGTA_87
1046,2008,Dodge,Viper SRT10 ACR,Dodge Viper '08,DOD_ViperSRT10ACR_08
1059,2008,BMW,Z4 M Coupe,BMW Z4 '08,BMW_Z4MCoupe_08
1060,2008,SUBARU,IMPREZA WRX STI,SUBARU WRX '08,SUB_WRXSTi_08
1063,1969,Dodge,Charger Daytona HEMI,Charger Daytona,DOD_ChargerDaytona_69
1064,1979,Chevrolet,Camaro Z28,Chevy Camaro '79,CHE_CamaroZ28_79
1069,2009,Chevrolet,Corvette ZR1,Corvette '09,CHE_CorvetteZR1_09
1086,2009,Ford,Focus RS,Ford Focus '09,FOR_FocusRS_09
1093,1960,Chevrolet,Corvette,Corvette '60,CHE_Corvette_60
1098,2009,MINI,John Cooper Works,MINI JCW '09,MIN_JohnCooperWorks_09
1103,2010,Nissan,370Z,Nissan 370Z,NIS_370Z_10
1104,1970,Datsun,510,Datsun 510,NIS_510_70
1105,1964,Aston Martin,DB5,AM DB5,AST_DB5Vantage_64
1108,1985,Ford,RS200 Evolution,Ford RS200,FOR_RS200Evolution_87
1110,1994,Mazda,MX-5 Miata,Mazda MX-5 '94,MAZ_Miata_94
1125,2008,Lamborghini,Reventón,Lambo Reventón,LAM_Reventon_08
1126,2009,BMW,M5,BMW M5 '09,BMW_M5_09
1131,2009,Ferrari,458 Italia,Ferrari 458,FER_F142_10
1154,1957,Ferrari,250 Testa Rossa,Ferrari 250 TR,FER_250TestaRossa_57
1155,1965,Shelby,Cobra Daytona Coupe,Shelby Daytona,SHE_CobraDaytona_65
1173,2010,Lamborghini,Murciélago LP 670-4 SV,Lambo Murciélago,LAM_LP6704SV_10
1175,2010,Pagani,Zonda R,Pagani Zonda R,PAG_ZondaR_10
1184,2009,Audi,RS 6,Audi RS 6 '09,AUD_RS6_09
1202,2011,Mercedes-Benz,SLS AMG,M-B SLS AMG,MER_SLSAMG_11
1215,2000,Playground,NULL CAR,NULL CAR,NUL_Car_00
1216,2011,Audi,RS 3 Sportback,Audi RS 3,AUD_RS3_11
1219,1992,Bugatti,EB110 Super Sport,Bugatti EB110,BUG_EB110SS_92
1220,2010,Audi,TT RS Coupé,Audi TT RS,AUD_TTRS_10
1231,2010,Volkswagen,Golf R,VW Golf R '10,VW_GolfR_10
1234,2010,Porsche,911 Sport Classic,Porsche 911 SC,POR_911SportClassic_10
1246,2010,Mosler,MT900S,Mosler MT900S,MOS_MT900S_10
1260,2010,Lexus,LFA,Lexus LFA,LEX_LFA_10
1268,2002,BMW,Z3 M Coupe,BMW Z3,BMW_MCoupe_02
1269,1973,BMW,2002 Turbo,BMW 2002 Turbo,BMW_2002Turbo_73
1270,1982,DeLorean,DMC-12,DeLorean DMC-12,DEL_DMC12_82
1271,1957,Ferrari,250 California,Ferrari 250 Cali,FER_250GT_60
1272,1992,Ford,Escort RS Cosworth,Ford Escort '92,FOR_EscortRSCosworth_92
1273,1997,Honda,Civic Type R,Honda Civic '97,HON_CivicTypeR_97
1276,1977,Pontiac,Firebird Trans Am,Pontiac T/A '77,PON_FirebirdTransAm_77
1277,1971,Plymouth,Cuda 426 HEMI,Plymouth Cuda,CHR_Cuda426_71
1282,1993,Nissan,240SX SE,Nissan 240SX,NIS_240SX_94
1285,1965,Pontiac,GTO,Pontiac GTO '65,PON_GTO_65
1291,1970,Chevrolet,El Camino Super Sport 454,Chevy El Camino,CHE_ElCaminoSS_70
1293,1987,Ford,Sierra Cosworth RS500,Ford RS500,FOR_RS500_87
1296,1990,Mercedes-Benz,190E 2.5-16 Evolution II,M-B 190E,MER_190E_90
1297,1988,Mitsubishi,Starion ESI-R,Starion ESI-R,MIT_Starion_88
1299,1983,Volvo,242 Turbo Evolution,Volvo 242 Turbo,VOL_242Turbo_83
1300,1964,Chevrolet,Impala Super Sport 409,Chevy Impala,CHE_ImpalaSS_64
1301,1956,Jaguar,D-Type,Jaguar D-Type,JAG_DType_56
1302,1977,Ford,Escort RS1800,Ford Escort '77,FOR_EscortRS1800_77
1304,2010,Maserati,Gran Turismo S,Maserati GT-S,MAS_GranTurismoS_10
1314,1993,McLaren,F1,McLaren F1,MCL_F1_93
1318,1968,Ferrari,365 GTB/4,Ferrari 365 GTB4,FER_365GTB4_68
1319,2010,Ferrari,599 GTO,Ferrari 599 GTO,FER_599GTO_11
1320,1971,Ford,Mustang Mach 1,Ford Mustang '71,FOR_MustangMach1_71
1322,2011,Lamborghini,Gallardo LP 570-4 Superleggera,Lambo Gallardo,LAM_GallardoLP570_11
1323,2011,SUBARU,WRX STI,SUBARU WRX '11,SUB_WRXSTi_11
1328,2011,Bugatti,Veyron Super Sport,Bugatti Veyron,BUG_VeyronSS_11
1329,1970,Buick,GSX,Buick GSX,BUI_GSX_70
1330,1970,Chevrolet,Camaro Z28,Chevy Camaro '70,CHE_CamaroZ28_70
1332,1968,Dodge,Dart HEMI Super Stock,Dodge Dart '68,DOD_Dart_68
1345,2006,HUMMER,H1 Alpha,HUMMER H1,HUM_H1Alpha_06
1350,2011,BMW,X5 M,BMW X5 M,BMW_X5M_11
1351,1997,Lexus,SC300,Lexus SC300,LEX_SC300_97
1355,1965,Ford,Mustang GT Coupe,Ford Mustang '65,FOR_Mustang_65
1367,2003,BMW,M5,BMW M5 '03,BMW_M5E39_03
1368,1988,BMW,M5,BMW M5 '88,BMW_M5E28_88
1369,2009,Pagani,Zonda Cinque Roadster,Pagani Zonda C,PAG_ZondaCinque_09
1370,1995,Audi,Avant RS2,Audi RS2 '95,AUD_RS2_95
1372,1930,Bentley,8 Litre,Bentley 8 Litre,BEN_8Litre_31
1376,1999,Lotus,Elise Series 1 Sport 190,Lotus Elise '99,LOT_Elise_99
1379,1996,Chevrolet,Impala Super Sport,Chevy Impala '96,CHE_ImpalaSS_96
1380,1981,Volkswagen,Scirocco S,VW Scirocco '81,VW_SciroccoS_81
1383,1998,Volkswagen,GTI VR6 Mk3,VW Golf '98,VW_GTIVR6_98
1385,2011,BMW,1 Series M Coupe,BMW 1M,BMW_1M_11
1387,1997,Volvo,850 R,Volvo 850,VOL_850_97
1388,2012,BMW,M5,BMW M5 '12,BMW_M5_12
1392,2011,Lamborghini,Sesto Elemento,Lambo Sesto,LAM_SestoElemento_11
1395,1989,Toyota,MR2 SC,Toyota MR2 '89,TOY_MR2SC_89
1398,2012,Lamborghini,Aventador LP700-4,Aventador '12,LAM_LP7004_12
1417,2011,Audi,RS 5 Coupé,Audi RS 5,AUD_RS5_11
1418,1995,BMW,M5,BMW M5 '95,BMW_M5_95
1426,2011,Mazda,RX-8 R3,Mazda RX-8,MAZ_RX8R3_11
1428,2011,Volkswagen,Scirocco R,VW Scirocco '11,VW_SciroccoR_11
1429,1969,Chevrolet,Nova Super Sport 396,Chevy Nova '69,CHE_NovaSS_69
1435,1963,Volkswagen,Beetle,VW Beetle,VW_Beetle_66
1459,1957,Chevrolet,Bel Air,Chevy Bel Air,CHE_BelAir_57
1460,2011,Ford,F-150 SVT Raptor,Ford Raptor '11,FOR_SVTRaptor_12
1477,2011,Ford,Transit SuperSportVan,Ford Transit SSV,FOR_TransitSSV_11
1482,1973,AMC,Gremlin X,AMC Gremlin,AMC_Gremlin_73
1486,1966,Ford,Lotus Cortina,Ford Cortina,LOT_Cortina_66
1496,2012,Jaguar,XKR-S,Jaguar XKR-S '12,JAG_XKRS_12
1500,2012,Mercedes-Benz,C 63 AMG Coupé Black Series,M-B C63,MER_C63AMG_12
1517,1992,Toyota,Celica GT-Four RC ST185,Toyota Celica'92,TOY_CelicaST185_90
1522,2012,Jeep,Wrangler Rubicon,Jeep Wrangler,JEE_Wrangler_12
1523,2012,Lotus,Exige S,Lotus Exige S,LOT_ExigeS_12
1525,2012,Mercedes-Benz,SLK 55 AMG,M-B SLK,MER_SLK55AMG_12
1529,1973,Ford,Capri RS3100,Ford Capri MkI,FOR_Capri_74
1530,1940,Ford,De Luxe Coupe,Ford Coupe '40,FOR_Coupe_40
1531,1983,GMC,Vandura G-1500,GMC Vandura,GMC_Vandura_83
1532,2012,Hennessey,Venom GT,Hennessey Venom,HEN_VenomGT_12
1533,1977,Holden,Torana A9X,Holden Torana,HOL_Torana_77
1536,1973,Alpine,A110 1600s,Alpine A110 '73,REN_AlpineA110_73
1539,2012,Porsche,911 GT2 RS,911 GT2 RS '12,POR_911GT2_12
1562,2013,Dodge,SRT Viper GTS,Dodge Viper '13,VIP_Viper_13
1564,1953,Chevrolet,Corvette,Corvette '53,CHE_Corvette_53
1568,1974,Honda,Civic RS,Honda Civic '74,HON_CivicRS_74
1574,1958,Austin-Healey,Sprite MkI,Sprite MkI,AH_Sprite_58
1575,1988,Chevrolet,Monte Carlo Super Sport,Chevy MonteCarlo,CHE_MonteCarlo_88
1580,1973,Ford,Escort RS1600,Ford Escort '73,FOR_EscortRS1600_73
1581,1956,Ford,F-100,Ford F-100,FOR_F100_56
1583,2012,Lamborghini,Aventador J,Aventador J,LAM_AventadorJ_12
1591,1984,Peugeot,205 Turbo 16,Peugeot 205 T16,PEU_205T16_84
1592,1974,Toyota,Celica GT,Toyota Celica'74,TOY_CelicaGT_74
1599,2012,Ferrari,599XX Evolution,Ferrari 599XX E,FER_599XXEvolution_12
1601,2012,Lamborghini,Gallardo LP570-4 Spyder Performante,Gallardo Spyder,LAM_GallardoLP570Spyder_12
1607,2013,Audi,RS 4 Avant,Audi RS 4 '13,AUD_RS4Avant_13
1627,2013,Mercedes-Benz,G 65 AMG,M-B G 65,MER_G65AMG_13
1651,2013,Ariel,Atom 500 V8,Ariel Atom,ARI_Atom_13
1652,2013,Caterham,Superlight R500,Caterham R500,CAT_R500_13
1653,2013,KTM,X-Bow R,KTM X-Bow,KTM_XBow_13
1654,2013,Ford,Shelby GT500,Ford Mustang '13,FOR_MustangGT500_13
1655,2013,SUBARU,BRZ,SUBARU BRZ,SUB_BRZ_13
1658,2013,Mercedes-Benz,A 45 AMG,M-B A45,MER_A45AMG_13
1662,1965,MINI,Cooper S,MINI '65,MIN_CooperS_65
1667,2013,McLaren,P1,McLaren P1,MCL_P1_13
1668,1969,Ford,Mustang Boss 302,Ford Mustang '69,FOR_MustangBoss302_69
2002,2012,Nissan,GT-R Black Edition (R35),Nissan GT-R '12,NIS_GTR_12
2003,2012,MINI,John Cooper Works GP,MINI JCW '12,MIN_JCWGP_13
2004,2013,Mazda,MX-5,Mazda MX-5 '13,MAZ_MX5_13
2005,2009,Honda,S2000 CR,Honda S2000,HON_S2000CR_09
2006,1995,Chevrolet,Corvette ZR-1,Corvette '95,CHE_CorvetteZR1_95
2007,2013,Toyota,86,Toyota 86,TOY_GT86_13
2009,2013,Audi,RS 7 Sportback,Audi RS 7,AUD_RS7_13
2010,2013,Audi,R8 Coupé V10 plus 5.2 FSI quattro,Audi R8 '13,AUD_R8Plus_13
2011,2014,Ford,Fiesta ST,Ford Fiesta '14,FOR_FiestaST_14
2018,2013,BMW,M6 Coupe,BMW M6 '13,BMW_M6_13
2019,2003,Ford,Focus RS,Ford Focus '03,FOR_FocusRS_03
2021,2013,Mercedes-Benz,E 63 AMG,M-B E63,MER_E63AMG_13
2022,2013,Renault,Clio R.S. 200 EDC,Renault Clio '13,REN_ClioRS_13
2034,2013,Ferrari,LaFerrari,LaFerrari,FER_LaFerrari_13
2040,2014,BAC,Mono,BAC Mono,BAC_Mono_14
2042,2013,Lamborghini,Veneno,Lambo Veneno,LAM_Veneno_13
2049,1945,Willys,MB Jeep,Willys Jeep,JEE_WillysMB_45
2066,1926,Bugatti,Type 35 C,Bugatti T35 C,BUG_Type35_24
2068,1939,Maserati,8CTF,Maserati 8CTF,MAS_8CTF_39
2069,1939,Mercedes-Benz,W154,M-B W154,MER_W154_47
2096,1939,Auto Union,Type D,AutoUnion Type D,AUD_TypeD_39
2105,2013,Donkervoort,D8 GTO,Donkervoort GTO,DON_D8GTO_13
2108,2014,Jeep,Grand Cherokee SRT,Cherokee '14,JEE_Cherokee_14
2119,1984,Honda,Civic CRX Mugen,Honda Civic '84,HON_CRXMugen_84
2121,1994,Honda,Prelude Si,Honda Prelude 94,HON_Prelude_94
2131,2014,HSV,GEN-F GTS,HSV GEN-F GTS,HOL_HSVGTS_14
2133,2015,BMW,i8,BMW i8,BMW_i8_15
2135,1997,Land Rover,Defender 90,LR Defender,LR_Defender_97
2142,2014,Volkswagen,Golf R,VW Golf R '14,VW_GolfR_14
2145,2014,Ford,Ranger T6 Rally Raid,Ford Ranger T6,FOR_RangerT6_14
2146,2014,Local Motors,Rally Fighter,Rally Fighter,LOC_Rallyfighter_14
2147,1986,MG,Metro 6R4,MG Metro 6R4,MG_Metro6R4_86
2148,2013,MINI,X-Raid All4 Racing Countryman,MINI X-Raid,MIN_XRaidCountryman_13
2149,1993,Renault,Clio Williams,Renault Clio '93,REN_ClioWilliams_93
2151,1963,Volkswagen,Type 2 De Luxe,VW Type 2,VW_Type2_63
2154,2014,BMW,M4 Coupe,BMW M4 '14,BMW_M4_14
2158,1981,Ford,Fiesta XR2,Ford Fiesta '81,FOR_Fiesta_81
2162,2015,Jaguar,F-Type R Coupé,Jaguar F-TYPE,JAG_FTypeCoupe_15
2163,2016,Honda,Civic Type R,Honda Civic '16,HON_CivicTypeR_15
2164,2014,Lamborghini,Huracán LP 610-4,Lambo Huracán,LAM_Huracan_15
2168,2015,SUBARU,WRX STI,SUBARU WRX '15,SUB_WRXSTI_15
2171,2005,Mazda,Mazdaspeed MX-5,Mazda MX-5 '05,MAZ_MX5_05
2173,2015,MG,MG3,MG MG3,MG_MG3_15
2175,2015,Lexus,RC F,Lexus RC F,LEX_RCF_15
2176,1986,Lamborghini,LM 002,Lambo LM 002,LAM_LM002_86
2177,2015,Chevrolet,Corvette Z06,Corvette '15,CHE_CorvetteZ06_15
2178,2001,Audi,RS 4 Avant,Audi RS 4 '01,AUD_RS4_01
2179,2015,Audi,S1,Audi S1,AUD_S1_15
2180,2015,Audi,RS 6 Avant,Audi RS 6 '15,AUD_RS6_15
2181,2013,Aston Martin,V12 Vantage S,Vantage S '13,AST_V12VantageS_14
2182,2015,Audi,TTS Coupé,Audi TTS,AUD_TTS_15
2183,2015,Chevrolet,Camaro Z/28,Chevy Camaro '15,CHE_CamaroZ28_15
2184,2013,Ferrari,458 Speciale,Ferrari 458 S,FER_458Speciale_15
2185,2015,Jaguar,XFR-S,Jaguar XFR-S,JAG_XFRS_15
2187,1975,Ford,Bronco,Ford Bronco,FOR_Bronco_75
2188,2015,Koenigsegg,One:1,Koenigsegg One,KOE_One_15
2189,2015,McLaren,650S Coupé,McLaren 650S,MCL_650S_15
2209,1992,Mazda,323 GT-R,Mazda 323 GT-R,MAZ_323GTR_92
2235,2015,Jaguar,XKR-S GT,Jaguar XKR-S '15,JAG_XKRSGT_15
2258,1970,Volkswagen,#1107 Desert Dingo Racing Stock Bug,#1107 VW Bug,VW_Baja_70
2262,2016,Cadillac,ATS-V,Caddy ATS-V,CAD_ATSV_16
2263,2015,Dodge,Challenger SRT Hellcat,Challenger '15,DOD_ChallengerHellcat_15
2267,2016,Mazda,MX-5,Mazda MX-5 '16,MAZ_MX5_16
2270,1973,Nissan,Skyline H/T 2000GT-R,Nissan GT-R '73,NIS_SkylineGTR_73
2289,2014,Porsche,911 Turbo S,911 Turbo '14,POR_911TurboS_14
2290,2014,Porsche,918 Spyder,Porsche 918,POR_918Spyder_14
2293,2015,Porsche,Cayman GTS,Porsche Cayman,POR_CaymanGTS_15
2297,2012,Porsche,911 GT3 RS 4.0,911 GT3 RS4 '12,POR_911GT3RS_12
2352,2017,Acura,NSX,Acura NSX '17,ACU_NSX_16
2357,2017,Ford,Focus RS,Ford Focus '17,FOR_FocusRS_17
2363,2017,Ford,GT,Ford GT '17,FOR_Phoenix_16
2371,2014,Ferrari,FXX K,Ferrari FXX K,FER_FXXK_16
2372,1932,Ford,De Luxe Five-Window Coupe,Ford Coupe '32,FOR_Coupe_32
2397,2017,Ford,F-150 Raptor,Ford Raptor '17,FOR_F150Raptor_17
2400,2016,Ford,Shelby GT350R,Ford Mustang '16,FOR_ShelbyGT350R_16
2412,1957,BMW,Isetta 300 Export,BMW Isetta,BMW_Isetta_62
2416,1971,Meyers,Manx,Meyers Manx,MEY_Manx_71
2417,1973,Holden,HQ Monaro GTS 350,Holden Monaro,HOL_MonaroGTS_73
2420,1984,Opel,Manta 400,Opel Manta 400,OPE_Manta400_84
2421,2016,Cadillac,CTS-V Sedan,Caddy CTS-V '16,CAD_CTSVSedan_16
2422,2014,HSV,Limited Edition Gen-F GTS Maloo,HSV Maloo '14,HOL_HSVGTSMaloo_16
2423,1969,Lola,#6 Penske Sunoco T70 MkIIIB,#6 Lola T70,LOL_6_T70_69
2424,2015,Mercedes-Benz,#24 Tankpool24 Racing Truck,#24 M-B Truck,MER_24_RaceTruck_15
2427,2016,Vauxhall,Corsa VXR,VauxCorsa '16,VAU_CorsaVXR_16
2430,2016,Ariel,Nomad,Ariel Nomad,ARI_Nomad_16
2431,2015,BMW,X6 M,BMW X6 M,BMW_X6M_16
2437,2015,Infiniti,Q60 Concept,Infiniti Q60,INF_Q60_16
2467,2015,Ferrari,488 GTB,Ferrari 488 GTB,FER_488GTB_16
2468,2015,Dodge,Charger SRT Hellcat,Dodge Charger 15,DOD_ChargerSRTHellcat_15
2471,2016,Mercedes-AMG,C 63 S Coupé,M-B AMG C 63 '16,MER_C63AMGCoupe_16
2472,2015,McLaren,570S Coupé,McLaren 570S,MCL_570S_16
2473,2016,Audi,R8 V10 plus,Audi R8 V10 plus,AUD_R8V10Plus_16
2474,2016,Zenvo,TS1,Zenvo TS1,ZEN_ST1_16
2477,2016,BMW,M2 Coupé,BMW M2,BMW_M2_16
2479,2016,Lamborghini,Aventador Superveloce,Aventador '16,LAM_LP7504SV_16
2486,2015,Radical,RXC Turbo,Radical RXC,RAD_RXC_15
2492,2016,Jaguar,F-TYPE Project 7,Jaguar Project 7,JAG_FTypeProject7_16
2493,2016,Aston Martin,Vantage GT12,AM Vantage '16,AST_VantageGT12_16
2494,2015,Land Rover,Range Rover Sport SVR,Range Rover '15,LR_RangeRoverSVR_15
2507,1955,Chevrolet,150 Utility Sedan,Chevy 150 Sedan,CHE_150UtilitySedan_55
2510,1974,Holden,Sandman HQ panel van,Holden Sandman,HOL_SandmanHQ_74
2511,1976,Jeep,CJ5 Renegade,Jeep CJ5,JEE_CJ5Renegade_76
2512,1987,Nissan,Skyline GTS-R (HR31),Nissan GTS-R '87,NIS_SkylineGTSR_87
2515,2011,Penhall,The Cholla,Penhall Cholla,PEN_Cholla_11
2517,2014,Ford,#11 Rockstar F-150 Trophy Truck,#11 Ford F-150,FOR_11_F150TrophyTruck_14
2521,2015,Polaris,RZR XP 1000 EPS,RZR 1000,POL_RZR1000_15
2526,2016,Koenigsegg,Regera,Regera,KOE_Regera_16
2527,2017,Aston Martin,DB11,AM DB11,AST_DB11_17
2528,2016,Porsche,911 GT3 RS,911 GT3 RS '16,POR_911GT3RS_16
2529,2016,Porsche,Cayman GT4,Porsche Cayman,POR_CaymanGT4_16
2534,1993,Porsche,968 Turbo S,Porsche 968,POR_968TurboS_93
2541,2016,Lotus,3-Eleven,Lotus 3-Eleven,LOT_3Eleven_16
2544,2016,Dodge,Viper ACR,Dodge Viper '16,DOD_ViperACR_16
2549,1970,Porsche,#3 917 LH,Porsche 917 LH,POR_3_917LH_70
2551,2014,Ford,FPV Limited Edition Pursuit Ute,Ford Ute '14,FOR_PursuitUte_15
2552,2015,Alumi Craft,Class 10 Race Car,Alumi Craft C.10,AC_Class10_15
2558,1970,International,Scout 800A,IH Scout 800A,INT_Scout800A_70
2559,1959,Jaguar,Mk II 3.8,Jaguar Mk II 3.8,JAG_MkII38_59
2560,1972,Land Rover,Series III,LR Series III,LR_SeriesIII_72
2562,2014,Morgan,3 Wheeler,Morgan 3 Wheeler,MOR_3Wheeler_14
2563,1972,Reliant,Supervan III,Reliant Supervan,REL_SupervanIII_72
2566,1979,Toyota,FJ40,Toyota FJ40,TOY_FJ40_75
2568,1969,Volkswagen,Class 5/1600 Baja Bug,VW Class 5 Bug,VW_Class5Bug_69
2569,2015,Ultima,Evolution Coupe 1020,Ultima 1020,ULT_EvolutionCoupe_15
2570,2015,Jaguar,XE-S,Jaguar XE-S,JAG_XES_15
2571,2017,Jaguar,F-PACE S,Jaguar F-PACE S,JAG_FPace_17
2574,2554,AMG Transport Dynamics,M12S Warthog CST,M12S Warthog CST,343_Warthog_15
2575,2011,Hot Wheels,Bone Shaker,Bone Shaker,HOT_BoneShaker_11
2577,2015,Ferrari,F12tdf,Ferrari F12tdf,FER_F12tdf_15
2580,2015,Ford,Falcon GT F 351,Ford Falcon '15,FOR_FalconGTF_15
2585,1972,Ford,Falcon XA GT-HO,Ford Falcon '72,FOR_FalconXAStreet_72
2586,2015,Volvo,V60 Polestar,Volvo V60,VOL_V60Polestar_15
2613,1970,GMC,Jimmy,GMC K5 Jimmy,GMC_Jimmy_70
2614,1968,Ford,Mustang GT 2+2 Fastback,Ford Mustang '68,FOR_MustangGT390_68
2616,2016,Lamborghini,Centenario LP 770-4,Lambo Centenario,LAM_Bellissima_17
2618,2017,Nissan,GT-R (R35),Nissan GT-R '17,NIS_GTR_17
2624,2018,Bugatti,Chiron,Bugatti Chiron,BUG_Chiron_17
2625,2016,Bentley,Bentayga,Bentley Bentayga,BEN_Bentayga_16
2628,2016,BMW,M4 GTS,BMW M4 '16,BMW_M4GTS_16
2636,1993,Toyota,#1 T100 Baja Truck,#1 Toyota T100,TOY_1_BajaTruck_93
2647,2016,Pagani,Huayra BC,Pagani Huayra BC,PAG_Huayra_16
2649,2010,Ford,Crown Victoria Police Interceptor,Crown Victoria,FOR_CrownVictoria_10
2654,2017,Mercedes-AMG,GT R,M-B AMG GTR,MER_AMGGTR_17
2656,2007,Toyota,Hilux Arctic Trucks AT38,Toyota AT38,TOY_HiluxArctic_14
2659,1998,Nissan,Silvia K's Aero,Silvia '98,NIS_SilviaKs_98
2662,2016,Nissan,TITAN Warrior Concept,Nissan TITAN,NIS_Titan_17
2663,2016,RJ Anderson,#37 Polaris RZR-Rockstar Energy Pro 2 Truck,#37 Pro 2 Truck,RJ_37_Pro2Truck_16
2665,2017,Bentley,Continental Supersports,Bentley Cont '17,BEN_ContinentalSS_17
2708,2011,BMW,X5 Traffic,BMW Traffic,BMW_X5M_Traffic_11
2710,2011,Ford,Transit SuperSportVan Traffic,Ford Traffic,FOR_Transit_Traffic_11
2711,2010,Mazda,3 Traffic,Mazda Traffic,MAZ_Mazdaspeed3_Traffic_10
2712,1992,Mitsubishi,Galant Traffic,Galant Traffic,MIT_GalantVR4_Traffic_92
2713,2014,Playground,Box Truck,Box Traffic,PG_BoxTruck_Traffic_14
2714,2014,Playground,Bus,Bus Traffic,PG_Bus_Traffic_14
2728,1955,Hoonigan,Chevrolet Bel Air,Hoonigan Bel Air,CHE_HooniganBelair_55
2729,1972,Hoonigan,Chevrolet Napalm Nova,Hoonigan Nova,CHE_HooniganNova_72
2730,1978,Hoonigan,Ford Escort RS1800,Hoonigan Escort,FOR_HooniganEscort_78
2732,1992,Hoonigan,Mazda RX-7 Twerkstallion,Twerkstallion,MAZ_Twerkstallion_92
2734,1965,Hoonigan,"Ford ""Hoonicorn"" Mustang",Hoonicorn,FOR_Hoonicorn_65
2736,1991,Hoonigan,Rauh-Welt Begriff Porsche 911 Turbo,Hoonigan Porsche,POR_Hoonigan_91
2738,1995,Nissan,NISMO GT-R LM,Nissan GT-R '95,NIS_GTRLM_95
2739,2017,Chevrolet,Camaro ZL1,Chevy Camaro '17,CHE_CamaroZL1_17
2741,2017,Porsche,Panamera Turbo,Porsche Panamera,POR_Panamera_17
2742,2016,Jeep,Trailcat,Jeep Trailcat,JEE_Trailcat_17
2743,2016,Toyota,Land Cruiser Arctic Trucks AT37,Toyota AT37,TOY_LandCruiserArctic_16
2744,2004,Nissan,Pickup #23 Rally Raid,#23 Nissan RR,NIS_Dakar_04
2750,1969,Hot Wheels,Twin Mill,Twin Mill,HOT_TwinMill_69
2755,2018,Porsche,911 GT2 RS,911 GT2 RS '18,POR_Raymond_17
2773,2018,Porsche,Cayenne Turbo,Porsche Cayenne,POR_Cayenne_18
2792,1966,Ford,#2 GT40 Mk II,#2 Ford GT40,FOR_2_GT40_66
2793,1967,Ferrari,#24 Ferrari Spa 330 P4,#24 Ferrari P4,FER_24_330P4_67
2825,1997,Lotus,Elise GT1,Lotus Elise GT1,LOT_EliseGT1_97
2838,2017,Ram,2500 Power Wagon,RAM Power Wagon,RAM_PowerWagon_17
2839,2018,Dodge,Durango SRT,Dodge Durango,DOD_Durango_18
2841,2018,Jeep,Grand Cherokee Trackhawk,Jeep Trackhawk,JEE_Trackhawk_18
2844,2017,VUHL,05RR,VUHL 05RR,VUH_05_17
2846,2018,McLaren,720S Coupé,McLaren 720S,MCL_720S_18
2847,2017,Chevrolet,Colorado ZR2,Chevrolet ZR2,CHE_ColoradoZR2_17
2865,2017,Maserati,Levante S,Maserati Levante,MAS_LevanteS_17
2870,2018,Honda,Civic Type R,Honda Civic '18,HON_CivicTypeR_18
2871,2018,Can-Am,Maverick X RS Turbo R,Can-Am Maverick,CAN_Maverick_18
2872,2019,Hyundai,Veloster N,Veloster N,HYU_VelosterN_19
2894,2009,Ford,Fiesta Traffic,Fiesta Traffic,FOR_Fiesta_Traffic_09
2902,2014,Playground,Flatbed,Flatbed Traffic,PG_FlatbedTruck_Traffic_18
2903,2005,SUBARU,Legacy Traffic,Legacy Traffic,SUB_LegacyB4GT_Traffic_05
2905,2003,Volkswagen,Bora Traffic,Bora Traffic,VW_BoraVR6_Traffic_03
2906,1998,Volkswagen,GTI Traffic,GTI Traffic,VW_GTIVR6_Traffic_98
2909,2018,Dodge,Challenger SRT Demon,Dodge SRT Demon,DOD_Demon_18
2910,2017,Koenigsegg,Agera RS,Agera RS,KOE_AgeraRS_17
2911,1958,Morris,Minor 1000,Morris Minor,MRS_Minor_53
2930,1932,Ford,De Luxe Five-Window Coupe Forza Edition,Ford Coupe FE,FOR_Coupe_HE_32
2935,2018,Funco Motorsports,F9,Funco F9,FUN_F9_18
2937,2017,Ford,#14 Rahal Letterman Lanigan Racing Fiesta,#14 Ford Fiesta,FOR_14_FiestaGRC_17
2941,2011,Lamborghini,Sesto Elemento Forza Edition,Lambo Sesto FE,LAM_SestoElemento_HE_11
2947,2015,Mercedes-Benz,#24 Tankpool24 Racing Truck Forza Edition,#24 M-B Truck FE,MER_24_RaceTruck_HE_15
2948,1998,Mercedes-Benz,AMG CLK GTR Forza Edition,M-B CLK-GTR FE,MER_CLKGTR_HE_98
2951,2003,Nissan,Fairlady Z Forza Edition,Fairlady Z FE,NIS_FairladyZ_HE_03
2964,1953,Morris,Minor 1000 Forza Edition,Morris Minor FE,MRS_Minor_HE_53
2973,2017,Alpine,A110,Alpine A110 '17,REN_AlpineA110_17
2974,2017,Ferrari,812 Superfast,Ferrari 812,FER_812Superfast_18
2976,1930,Bentley,Blower 4-1/2 Litre Supercharged,Bentley Blower,BEN_Blower_31
2979,1959,Ford,Anglia 105E,Ford Anglia '59,FOR_Anglia_59
2980,1964,Ford,GT40 MKI,Ford GT40 '64,FOR_GT40_64
2981,1986,Ford,Escort RS Turbo,Ford Escort RS,FOR_EscortRS_86
2982,1977,Hoonigan,GYMKHANA 10 Ford F-150 'Hoonitruck',Hoonigan F-150,FOR_HooniganF150_77
2984,1991,Hoonigan,GYMKHANA 10 Ford Escort Cosworth Group A,Hoonigan Group A,FOR_HooniganEscortCosworth_91
2985,1973,Land Rover,Range Rover,Range Rover '73,LR_RangeRover_70
2986,2014,Mercedes-Benz,Unimog U5023,M-B Unimog,MER_Unimog_17
2987,1962,Peel,P50,Peel P50,PEE_P50_62
2988,2018,McLaren,Senna,McLaren Senna,MCL_Wellington_18
2989,1933,Napier,Napier-Railton,Napier Railton,NAP_Railton_33
2992,1964,Jaguar,Lightweight E-Type,Jaguar LW E-Type,JAG_EtypeLightweight_64
2993,2018,TVR,Griffith,TVR Griffith,TVR_Griffith_18
2995,1983,Volkswagen,Golf GTI,VW Golf GTI '83,VW_GolfGTI_83
2996,2015,Formula Drift,#13 Ford Mustang,#13 Ford Mustang,FOR_13_MustangFD_15
2997,2016,Formula Drift,#530 HSV Maloo GEN-F,#530 HSV Maloo,HOL_530_MalooFD_16
3000,1997,Formula Drift,#777 Nissan 240SX,#777 Nissan 240,NIS_777_240SXFD_97
3003,2006,Formula Drift,#43 Dodge Viper SRT10,#43 Dodge Viper,DOD_43_ViperFD_06
3005,1965,Peel,Trident,Peel Trident,PEE_Trident_65
3006,1965,Hoonigan,GYMKHANA 10 Ford Hoonicorn Mustang,Hoonicorn v2,FOR_HoonicornV2_65
3007,2017,Volkswagen,#34 Andretti Beetle,#34 VW Beetle,VW_34_BeetleGRC_17
3026,1929,Mercedes-Benz,SSK,M-B SSK,MER_SSK_29
3031,1985,Porsche,#185 959 Prodrive Rally Raid,#185 Porsche 959,POR_186_959_86
3036,1959,Porsche,356 A 1600 Super,Porsche 356 '59,POR_356ACoupe_59
3037,1989,Formula Drift,#98 BMW 325i,#98 BMW 325i,BMW_98_325iFD_89
3046,2018,Ford,Mustang GT,Ford Mustang '18,FOR_MustangGT_18
3051,2017,Ford,M-Sport Fiesta RS,Ford Fiesta RS,FOR_MSportFiesta_17
3055,2010,Jaguar,C-X75,Jaguar C-X75,JAG_CX75_10
3063,2018,Mercedes-Benz,X-Class,M-B X-Class,MER_XClass_18
3064,2018,Mercedes-AMG,GT 4-Door Coupé,M-B GT 4 '18,MER_AMGGT4_18
3069,2016,Honda,Civic Coupe,Honda Civic,HON_CivicGRC_H4_16
3071,2018,BMW,M5,BMW M5 '18,BMW_M5_18
3072,2019,Porsche,911 GT3 RS,911 GT3 RS '19,POR_911GT3RS_18
3074,2019,Porsche,Macan Turbo,Macan Turbo '19,POR_MacanTurbo_19
3082,2008,Maserati,MC12 Versione Corsa,MC12 Corsa '08,MAS_MC12Corsa_06
3088,2018,DeBerti,Chevrolet Silverado 1500 Drift Truck,Silverado DD,CHE_DebertiDriftTruck_18
3089,2018,Exomotive,Exocet Off-Road,Exocet Off-Road,EXO_ExocetOffRoad_18
3091,2019,Aston Martin,Vantage,AM Vantage '19,AST_Vantage_18
3093,2018,Ford,#25 Mustang RTR,#25 RTR Mustang,FOR_25_MustangRTRFD_18
3107,2014,Mercedes-Benz,G 63 AMG 6x6,M-B G 63 6x6,MER_G63AMG6x6_14
3108,2018,Ford,Mustang RTR Spec 5,Ford Mustang S5,FOR_MustangRTRSpec5_18
3109,2018,DeBerti,F-150 Prerunner,Deberti F-150,FOR_DebertiF150_18
3110,2013,DeBerti,Wrangler Unlimited,Deberti Wrangler,JEE_DebertiWrangler_13
3115,2016,Hoonigan,GYMKHANA 10 Ford Focus RS RX,GYMKHANA10 Focus,FOR_FocusRSRXG10_16
3117,2018,Porsche,718 Cayman GTS,Porsche 718 GTS,POR_718CaymanGTS_18
3118,2019,Chevrolet,Corvette ZR1,Corvette '19,CHE_CorvetteZR1_19
3119,1986,Hoonigan,Ford RS200 Evolution,Hoonigan RS200,FOR_HooniganRS200_86
3120,2019,Lamborghini,Urus,Urus '19,LAM_Urus_19
3122,2017,Ferrari,GTC4Lusso,Ferrari GTC4L,FER_GTC4Lusso_17
3123,2019,Porsche,911 Carrera S,Porsche 911 '19,POR_992_19
3126,1965,Ford,Transit,Ford Transit Mk1,FOR_Transit_65
3128,2017,Ford,"#25 ""Brocky"" Ultra4 Bronco RTR",#25 Ford Bronco,FOR_25_Ultra4Bronco_17
3129,2008,Renault,Mégane R26.R,Mégane R26.R,REN_MeganeR26R_08
3131,2018,MINI,John Cooper Works Countryman ALL4,MINI Countryman,MIN_Countryman_18
3132,2018,MINI,X-raid John Cooper Works Buggy,MINI JCW Buggy,MIN_JCWBuggy_18
3134,2018,Renault,MEGANE R.S.,MEGANE R.S. '18,REN_MeganeRS_18
3136,2018,Land Rover,Range Rover Velar First Edition,Land Rover Velar,LR_Velar_18
3140,2019,Rimac,Concept Two,Rimac Concept 2,RIM_Concept2_19
3141,2018,Apollo,Intensa Emozione,Apollo IE '18,APO_Intensa_18
3149,2018,Chevrolet,Camaro ZL1 1LE,Chevy Camaro '18,CHE_Camaro1LE_18
3151,2018,Ford,#88 Mustang RTR,#88 RTR Mustang,FOR_88_MustangRTRFD_18
3153,2018,McLaren,600LT Coupé,McLaren 600LT,MCL_600LT_19
3154,2019,McLaren,720S Spider,720S Spider,MCL_720Spider_19
3156,2019,McLaren,Speedtail,Speedtail '19,MCL_Speedtail_19
3164,2018,Jaguar,I-PACE,Jaguar I-PACE,JAG_IPACE_18
3167,1970,Ford,GT70,Ford GT70 '70,FOR_GT70_70
3168,2019,Bugatti,Divo,Bugatti Divo,BUG_Divo_19
3170,1994,Ford,Supervan 3,Ford Supervan 3,FOR_Supervan3_94
3173,2019,BMW,Z4 Roadster,BMW Z4 '19,BMW_Z4_19
3174,2019,Ford,Ranger Raptor,Ranger Raptor,FOR_RangerRaptor_19
3176,1987,Mercedes-Benz,AMG Hammer Coupe,AMG Hammer Coupe,MER_AMGHammer_87
3180,1991,Peugeot,205 Rallye,Peugeot 205 R,PEU_205Rallye_91
3183,1967,Ford,Racing Escort MK1,Ford Escort '67,FOR_1_EscortMk1_67
3184,1977,Ford,#5 Escort RS1800 MkII,#5 Escort '77,FOR_5_EscortMk2_77
3185,2019,Aston Martin,DBS Superleggera,AM DBS SL '19,AST_DBSSuperleggera_19
3187,2018,Porsche,Macan LPR Rally Raid,Porsche Macan RR,POR_00_MacanRR_18
3188,1989,Porsche,"#65 Rothsport Racing 911 ""Desert Flyer""",#65 911 Desert,POR_65_911Desert_85
3189,2019,Hennessey,VelociRaptor 6X6,VelociRaptor '19,HEN_Velociraptor6x6_18
3191,1973,Lamborghini,Espada 400 GT,Espada 400GT '73,LAM_Espada400GT_73
3194,2018,Italdesign,Zerouno,ID Zerouno '18,ITA_Zerouno_18
3196,2019,RAESR,Tachyon Speed,RAESR TS '19,RAE_Tachyon_19
3206,1970,Mercury,Cyclone Spoiler,Mercury Cyclone,MRC_CycloneSpoiler_70
3211,2017,Aston Martin,Vulcan AMR Pro,AM Vulcan AMR,AST_VulcanAMRPro_19
3212,2019,Zenvo,TSR-S,Zenvo TSR-S,ZEN_TSRS_19
3217,2018,Lamborghini,Huracán Performante,Lambo Huracán P,LAM_HuracanP_18
3225,2018,Ferrari,Portofino,Portofino '18,FER_Portofino_18
3226,2017,Ferrari,J50,Ferrari J50 '17,FER_J50_17
3227,2019,Ferrari,488 Pista,488 Pista '19,FER_488Pista_19
3228,1999,Ford,Racing Puma,Ford Racing Puma,FOR_RacingPuma_99
3232,2013,Formula Drift,#777 Chevrolet Corvette,#777 Corvette,CHE_777_CorvetteFD_13
3247,2018,Formula Drift,#64 Nissan 370Z,#64 Nissan 370Z,NIS_64_370ZFD_18
3249,2007,Formula Drift,#117 599 GTB Fiorano,Formula D 599,FER_117_599FD_18
3250,2018,Mercedes-AMG,E 63 S,Mercedes-AMG E63,MER_E63SAMG_18
3255,2020,Jeep,Gladiator Rubicon,Jeep Gladiator,JEE_Gladiator_20
3257,1990,Nissan,Pulsar GTI-R,Nissan Pulsar,NIS_PulsarGTIR_90
3261,1968,Renault,4L Export,Renault 4L '68,REN_4L_68
3271,2005,MG,XPower SV-R,MG SV-R '05,MG_SVR_05
3276,2018,Saleen,S1,Saleen S1 '18,SAL_S1_18
3277,2020,Ford,Mustang Shelby GT500,Ford GT500 '20,FOR_MustangGT500_20
3279,2020,,Flatbed Truck,Flatbed Truck,pg_flatbedtruck_stories_19
3286,2018,Audi,TT RS,Audi TT RS '18,AUD_TTRS_18
3287,1991,Jaguar,Sport XJR-15,Jaguar XJR-15,JAG_XJR15_91
3289,2018,Lamborghini,Aventador SVJ,Aventador SVJ,LAM_AventadorSVJ_19
3293,1993,Jaguar,XJ220S TWR,Jaguar XJ220S,JAG_XJ220S_93
3311,2018,Ferrari,FXX-K Evo,Ferrari FXX-K E,FER_FXXKEvo_18
3312,2019,Ferrari,Monza SP2,Ferrari Monza,FER_MonzaSP2_19
3315,2020,Koenigsegg,Jesko,Koenigsegg Jesko,KOE_Jesko_20
3364,2019,Aston Martin,Valhalla Concept Car,Valhalla Concept,AST_Valhalla_21
3366,2016,NIO,EP9,NIO EP9,NIO_EP9_16
3369,2020,Chevrolet,Corvette Stingray Coupé,Corvette C8 '20,CHE_Corvette_20
3370,1994,Hoonigan,"Ford Escort RS Cosworth WRC ""Cossie V2""",Hoonigan Cossie,FOR_HooniganEscortCosworthV2_94
3371,2020,Lamborghini,Huracán EVO,Huracán EVO,LAM_HuracanEVO_20
3395,1967,Renault,8 Gordini,Renault 8,REN_8Gordini_67
3400,2009,Formula Drift,#99 Mazda RX-8,#99 Mazda RX-8,MAZ_99_RX8FD_19
3402,2020,Toyota,GR Supra,Toyota Supra '20,TOY_SupraGR_20
3404,2020,Ford,#2069 Ford Performance Bronco R,#2069 Bronco R,FOR_2069_BroncoR_20
3411,1995,Formula Drift,#34 Toyota Supra MkIV,#34 Toyota Supra,TOY_34_SupraMkIV_95
3412,2019,SUBARU,STI S209,SUBARU STI S209,SUB_WRXSTiS209_19
3413,2021,Volkswagen,Golf R,VW Golf R '21,VW_GolfR_19
3414,2020,Land Rover,Defender 110 X,LR Defender '20,LR_Defender_20
3415,1966,Jaguar,XJ13,Jaguar XJ13,JAG_XJ13_66
3437,2020,McLaren,GT,McLaren GT,MCL_GT_20
3441,2019,DeBerti,"Toyota Tacoma TRD ""The Performance Truck""",DD Tacoma TRD,TOY_TacomaDeberti_19
3445,2020,Porsche,Taycan Turbo S,Porsche Taycan S,POR_TaycanTurboS_20
3446,2017,Formula Drift,#357 Chevrolet Corvette Z06,#357 Corvette,CHE_357_CorvetteFD_17
3449,2020,Lotus,Evija,Lotus Evija '20,LOT_Evija_20
3476,2020,Ford,Super Duty F-450 DRW PLATINUM,Ford SD F-450,FOR_F450DRW_20
3483,2017,Chevrolet,Colorado ZR2,Chevrolet ZR2,CHE_ColoradoZR2_Traffic_17
3484,1975,Ford,Bronco,Ford Bronco,FOR_Bronco_Traffic_75
3485,2017,Ford,F-150 Raptor,Ford Raptor '17,FOR_F150Raptor_Traffic_17
3486,2012,Jeep,Wrangler Rubicon,Jeep Wrangler,JEE_Wrangler_Traffic_12
3487,2018,Mercedes-Benz,X-Class,M-B X-Class,MER_XClass_Traffic_18
3488,1963,Volkswagen,Beetle,VW Beetle,VW_Beetle_Traffic_66
3489,2021,Ford,Bronco,Ford Bronco '21,FOR_Bronco_21
3514,2020,Hot Wheels,Monster Trucks Bone Shaker,Bone Shaker MT,HOT_BoneShakerMT_20
3523,2020,Formula Drift,#151 Toyota GR Supra,#151 FD Supra,TOY_151_SupraGRFD_20
3524,2019,Formula Drift,#411 Toyota Corolla Hatchback,#411 FD Corolla,TOY_411_CorollaFD_19
3528,2010,Forsberg Racing,Toyota Gumout 2JZ Camry Stock Car,FR Stock Car,TOY_11_Camry2JZ_11
3529,1975,Forsberg Racing,"Nissan ""Gold Leader"" Datsun 280Z",Datsun 280Z,DAT_GoldLegend280Z_78
3540,2021,SIERRA Cars,RX3,SIERRA RX3,SIE_00_RX3_21
3548,2013,Wuling,Sunshine S,Wuling Sunshine,WUL_HongguangS_20
3551,2020,Formula Drift,#91 BMW M2,#91 BMW M2,BMW_91_M2FD_20
3556,2011,BMW,X5 M Forza Edition,BMW X5M FE,BMW_X5M_HE_11
3559,1953,Chevrolet,Corvette Forza Edition,Corvette '53 FE,CHE_Corvette_HE_53
3561,1969,Dodge,Charger R/T Forza Edition,Charger '69 FE,DOD_ChargerRT_HE_69
3562,2018,Exomotive,Exocet Off-Road Forza Edition,Exocet OR FE,EXO_ExocetOffRoad_HE_18
3564,1999,Ford,Racing Puma Forza Edition,Ford Puma FE,FOR_RacingPuma_HE_99
3568,2010,Maserati,Gran Turismo S Forza Edition,Maserati GTS FE,MAS_GranTurismoS_HE_10
3570,1971,Meyers,Manx Forza Edition,Meyers Manx FE,MEY_Manx_HE_71
3572,2016,Pagani,Huayra BC Forza Edition,Pagani Huayra FE,PAG_Huayra_HE_16
3573,1987,Pontiac,Firebird Trans Am GTA Forza Edition,Firebird TA FE,PON_TransAmGTA_HE_87
3574,2019,Porsche,911 GT3 RS Forza Edition,911 GT3 RS FE,POR_911GT3RS_HE_18
3577,1963,Volkswagen,Beetle Forza Edition,Beetle '63 FE,VW_Beetle_HE_66
3634,2020,Playground,Carnival Float,Carnival Float,PG_CarnivalFloatPlayer_20
3636,1963,Volkswagen,Beetle,VW Beetle,VW_Beetle_Stories_66
3639,1986,MG,Metro 6R4,MG Metro 6R4,MG_Metro6R4_Stories_86
3640,2017,Ford,Focus RS,Ford Focus '17,FOR_FocusRS_Stories_17
3650,2021,Mercedes-AMG,Mercedes-AMG ONE,Mercedes-AMG ONE,MER_AMGOne_21
3664,1963,Volkswagen,Beetle Traffic Taxi,VW Beetle Taxi,VW_Beetle_Traffic_Taxi_66
3681,1998,Toyota,"Supra RZ ""Welcome Pack""",Supra '98 WP,TOY_SupraRZWP_98
3682,2018,Apollo,"Intensa Emozione ""Welcome Pack""",Apollo IE WP,APO_IntensaWP_18
3683,2008,Mitsubishi,"Lancer Evolution X GSR ""Welcome Pack""",Lancer GSR WP,MIT_LancerEvoXGSRWP_08
3684,2020,Ford,"#2069 Ford Bronco R ""Welcome Pack""",Bronco R WP,FOR_2069_BroncoRWP_20
3685,2020,Porsche,"Taycan Turbo S ""Welcome Pack""",Taycan S WP,POR_TaycanTurboSWP_20
3699,2017,Ford,GT 'OPI Edition',Ford GT OPI,FOR_GTOPI_17
9000,1984,Peugeot,205 T16,Peugeot 205 T16,PEU_205T16_Stories_84
9003,2021,Mercedes-AMG,Mercedes-AMG ONE,Mercedes-AMG ONE,MER_AMGOneIE_21
